event_id,stations,baseline_rmse,h_ratio,best_spacing,best_ratio
160266496900,12,7935.471355538375,1.1903117549953346,0.52,0.49525722088379853
132970558500,18,7222.265260233727,1.0015314328837601,0.4,0.12807125023370503
92940331600,20,274.5506133105326,1.1729843011941758,2.2600000000000002,0.895312557423182
190618140100,16,6580.966521910861,0.7903825938333904,2.2800000000000002,0.6585139369190901
191107901500,18,4932.289311713053,1.0603729691012374,0.52,0.5289129831501146
181745526400,16,640.6871235909628,1.0731400012024632,0.8,0.32980446257671786
152688398700,75,82.00806108303973,1.0038441216043936,1.12,0.9721978462863463
182173920500,12,3370.4245680244253,1.167986790467441,0.92,0.3165581393252401
113614713800,24,294.31425657991804,1.039581029626843,0.54,0.9327706213929856
80184305000,24,762.4893357257976,1.47332318848794,0.4,0.6729901266501508
83294219100,19,652.8322560902794,1.4646645566327494,2.22,0.7105333690116463
182725315700,31,278.9993409922301,1.0517250816523305,0.6000000000000001,0.9592482592771535
112153572300,13,438.9757873686405,2.9759583856871465,0.56,0.9873548394943855
180752606600,18,480.524733485932,2.1846963254168545,0.42000000000000004,1.035758673168533
60875050600,12,551.3652345199172,1.3770902123785764,0.68,0.983812294193264
170956426400,13,3556.106487149416,1.0416098457677556,1.52,0.7754248194703404
90806991400,18,609.7389387023278,0.7258206622471807,1.6600000000000001,0.46291728808637717
101480978600,19,266.425952287416,1.1774551284237365,0.42000000000000004,0.5000325106909794
173613697300,23,572.4077783337373,0.955671043758658,0.8200000000000001,0.818856316243435
132478291200,22,206.12709187467996,0.7960986261249967,1.1800000000000002,0.6232555189730645
73145618700,54,1191.7311450381376,1.0206075890298136,1.02,1.0091511644347226
73451288300,21,989.0053737809893,1.6185467241733082,2.4,0.8167771478865419
102843634000,17,1213.668640066326,1.3271263762665872,2.4,0.5692182677878558
112946143700,15,413.63755957114984,1.2568475011911078,0.74,0.7043644176167468
43390608100,21,306.3519017293425,1.1237104827512856,0.62,0.9129396225531886
192033457700,14,1016.835601345504,0.9824800021481918,0.4,0.8741250394183923
193400643100,14,285.04503271719415,1.3409627741667878,0.44,0.8696536803446996
143534401300,22,488.4092078609109,1.1171248385054278,0.46,0.805980355085115
41423234800,33,187.28139656305603,1.0491346485995285,0.9400000000000001,0.9621429047810355
111061311000,60,46.91490631642445,1.0254806559329253,0.5,0.9839295054164424
180073811000,17,1931.769575946287,1.1103936818743771,0.8200000000000001,0.7419856252536906
190862492100,29,190.5916766696449,1.066915600407119,0.66,0.8877187857449583
140305579500,30,171.48670992137883,0.9808054603905799,0.8600000000000001,0.7917185064026585
111776182400,16,368.74291952147354,1.4991804217402864,0.42000000000000004,0.8901025870573118
82647336800,20,268.2255567722539,1.2346378794360477,2.12,0.9221927132017104
121622030300,25,187.2826328482523,1.0963042940730379,0.48000000000000004,0.8948655456707341
182242127601,23,589.2234034964972,1.1097328341303285,0.5800000000000001,0.8365794476562228
92747991300,75,99.91944050884901,1.0209779240084378,0.74,1.001154811749148
162284959100,19,412.15053081049234,1.1734698550813962,0.54,0.942638383739794
142641379200,17,530.1883334815421,1.0465383924072733,0.42000000000000004,0.9378707226741462
203425618600,48,1579.9228798241802,1.0091692826372791,1.32,1.0091219339523938
172090621200,27,143.14504648299078,1.3824540344278615,0.62,0.9227369607846908
82685012000,24,803.746798154106,0.941526901232019,0.44,0.7939487791549019
201411896900,31,162.04739519018855,1.0571254078229098,0.62,0.9218040662368167
61268623100,31,242.86850746209396,1.021169700889833,1.7000000000000002,0.9953135383859508
152545857400,52,51.930124589848475,1.045182060810103,0.98,0.9795780041501191
140650707000,22,366.7359701561066,1.0388213078134747,0.42000000000000004,0.7652847544952438
61856616000,30,164.98034221917365,1.0575838802326085,0.5800000000000001,0.9336794489815731
120811958300,20,342.6933911399216,1.2994579924656413,1.1,0.9675195571087849
130272787100,18,1648.4377996815049,1.8571608573177174,0.5800000000000001,0.7379581180210489
183260084500,12,563.1195821528224,1.427629271106562,2.16,0.8271120958227547
80102573300,42,245.47813744570405,1.0073308262869312,1.08,0.6080464051144624
200663964800,17,998.4275670116837,1.0150700318834738,0.74,0.9554212947496933
200731925300,38,152.3848862797682,1.0842784073591054,0.74,0.9079079437232648
173614955400,15,425.7946670974725,1.3635489936959746,0.72,0.6321225567146688
202975448900,30,163.49977796214444,1.0969780823199171,0.44,0.9994655153062596
150860522300,13,245.38804712927433,1.3293136359263376,1.1,0.562285270718531
193141220900,34,325.79241445177655,1.054533020618139,0.54,0.9767734865437707
153034602000,23,382.9431956522257,1.0489718213607628,1.5,0.9915061960261404
162975276100,19,1203.7545096268336,1.0589279891190357,0.46,0.6738515033188729
81846293700,20,164.7951847995309,1.2518916150706882,0.74,0.8526566884628957
181734718600,26,470.93862851978,1.0350030497988925,0.5,1.0080104680619504
181518165600,19,515.8463645347863,1.3055368476287703,0.4,1.0191689542132718
102775011900,13,1463.0489563983585,1.0198913398619052,0.5800000000000001,0.8610977556867083
131342460100,16,501.6044274734098,1.6190806291782651,1.7800000000000002,1.1225129364726163
153346831100,21,867.8520281047345,0.8138147948427071,1.8000000000000003,0.46974833170340036
193367597500,15,721.9182974281367,1.610222906658413,1.1400000000000001,0.6519566039825836
143593462700,17,282.7195532722115,1.121389204871389,0.5,0.9158074598211462
151433402300,17,292.9437484204137,0.989015394404406,0.44,0.8502269934924132
101212507200,17,4806.760939652779,0.6876314249467574,1.3,0.6735400666087266
152364323000,12,1111.19718513768,1.180934461643728,0.92,0.8416366993565304
171481171400,12,16697.492650725013,1.0477872574755958,0.8,0.21532775208307142
102266222400,22,191.34179282399813,1.1520466992890501,0.52,1.0020290339010045
81847956000,24,164.29864756332586,1.1160536948979172,0.48000000000000004,0.917646619880029
111466613100,16,194.44800268482598,1.2201116930782872,0.76,0.941146319720056
71937334700,12,813.5768259882182,1.7039144266089135,0.74,0.6206585815690048
181651219900,21,1014.2991398567665,1.0637895653118885,0.44,0.9767211497424995
51861479500,20,251.6344779642082,1.1811899737445108,0.64,0.8485528254298318
91637640500,12,971.4680475493635,1.591542126872689,0.8400000000000001,1.2194642490458845
